{
  "Custom_CNN": {
    "total": 26212613,
    "trainable": 26212613,
    "accuracy": 0.5439560439560439,
    "time": 28.639708042144775
  },
  "VGG16": {
    "total": 134281029,
    "trainable": 119566341,
    "accuracy": 0.7747252747252747,
    "time": 78.23500752449036
  },
  "ResNet50": {
    "total": 24033861,
    "trainable": 525829,
    "accuracy": 0.8516483516483516,
    "time": 35.23554873466492
  },
  "MobileNetV2": {
    "total": 2230277,
    "trainable": 6405,
    "accuracy": 0.7802197802197802,
    "time": 15.88270354270935
  },
  "EfficientNetB0": {
    "total": 4013953,
    "trainable": 6405,
    "accuracy": 0.8846153846153846,
    "time": 18.747020959854126
  }
}