{
  "Custom_CNN": {
    "accuracy": 0.5439560439560439,
    "params_total": 26212613,
    "params_trainable": 26212613,
    "training_time": 28.639708042144775,
    "precision_macro": 0.5805856754429648,
    "recall_macro": 0.556001044795612,
    "f1_macro": 0.518288494114581,
    "per_class": {
      "Ayrshire": {
        "precision": 0.8181818181818182,
        "recall": 0.23076923076923078,
        "f1": 0.36
      },
      "Brown Swiss": {
        "precision": 0.6,
        "recall": 0.5,
        "f1": 0.5454545454545454
      },
      "Holstein Friesian": {
        "precision": 0.6415094339622641,
        "recall": 0.8947368421052632,
        "f1": 0.7472527472527473
      },
      "Jersey": {
        "precision": 0.3870967741935484,
        "recall": 0.3157894736842105,
        "f1": 0.34782608695652173
      },
      "Red Dane": {
        "precision": 0.45614035087719296,
        "recall": 0.8387096774193549,
        "f1": 0.5909090909090909
      }
    }
  },
  "VGG16": {
    "accuracy": 0.7747252747252747,
    "params_total": 134281029,
    "params_trainable": 119566341,
    "training_time": 78.23500752449036,
    "precision_macro": 0.8140777869916036,
    "recall_macro": 0.7658663822500834,
    "f1_macro": 0.7697570770769289,
    "per_class": {
      "Ayrshire": {
        "precision": 0.8648648648648649,
        "recall": 0.8205128205128205,
        "f1": 0.8421052631578947
      },
      "Brown Swiss": {
        "precision": 0.7209302325581395,
        "recall": 0.8611111111111112,
        "f1": 0.7848101265822784
      },
      "Holstein Friesian": {
        "precision": 0.8571428571428571,
        "recall": 0.7894736842105263,
        "f1": 0.821917808219178
      },
      "Jersey": {
        "precision": 0.6274509803921569,
        "recall": 0.8421052631578947,
        "f1": 0.7191011235955056
      },
      "Red Dane": {
        "precision": 1.0,
        "recall": 0.5161290322580645,
        "f1": 0.6808510638297872
      }
    }
  },
  "ResNet50": {
    "accuracy": 0.8516483516483516,
    "params_total": 24033861,
    "params_trainable": 525829,
    "training_time": 35.23554873466492,
    "precision_macro": 0.8595816464237517,
    "recall_macro": 0.8449530567527173,
    "f1_macro": 0.848267876447306,
    "per_class": {
      "Ayrshire": {
        "precision": 0.75,
        "recall": 0.9230769230769231,
        "f1": 0.8275862068965517
      },
      "Brown Swiss": {
        "precision": 1.0,
        "recall": 0.8611111111111112,
        "f1": 0.9253731343283582
      },
      "Holstein Friesian": {
        "precision": 0.868421052631579,
        "recall": 0.868421052631579,
        "f1": 0.868421052631579
      },
      "Jersey": {
        "precision": 0.8717948717948718,
        "recall": 0.8947368421052632,
        "f1": 0.8831168831168831
      },
      "Red Dane": {
        "precision": 0.8076923076923077,
        "recall": 0.6774193548387096,
        "f1": 0.7368421052631579
      }
    }
  },
  "MobileNetV2": {
    "accuracy": 0.7802197802197802,
    "params_total": 2230277,
    "params_trainable": 6405,
    "training_time": 15.88270354270935,
    "precision_macro": 0.7884498602828911,
    "recall_macro": 0.7767982818916603,
    "f1_macro": 0.7791650737012021,
    "per_class": {
      "Ayrshire": {
        "precision": 0.7111111111111111,
        "recall": 0.8205128205128205,
        "f1": 0.7619047619047619
      },
      "Brown Swiss": {
        "precision": 0.896551724137931,
        "recall": 0.7222222222222222,
        "f1": 0.8
      },
      "Holstein Friesian": {
        "precision": 0.7857142857142857,
        "recall": 0.868421052631579,
        "f1": 0.825
      },
      "Jersey": {
        "precision": 0.7631578947368421,
        "recall": 0.7631578947368421,
        "f1": 0.7631578947368421
      },
      "Red Dane": {
        "precision": 0.7857142857142857,
        "recall": 0.7096774193548387,
        "f1": 0.7457627118644068
      }
    }
  },
  "EfficientNetB0": {
    "accuracy": 0.8846153846153846,
    "params_total": 4013953,
    "params_trainable": 6405,
    "training_time": 18.747020959854126,
    "precision_macro": 0.8908560170188077,
    "recall_macro": 0.8793587566932219,
    "f1_macro": 0.8815787139689577,
    "per_class": {
      "Ayrshire": {
        "precision": 0.8604651162790697,
        "recall": 0.9487179487179487,
        "f1": 0.9024390243902439
      },
      "Brown Swiss": {
        "precision": 0.8461538461538461,
        "recall": 0.9166666666666666,
        "f1": 0.88
      },
      "Holstein Friesian": {
        "precision": 0.8974358974358975,
        "recall": 0.9210526315789473,
        "f1": 0.9090909090909091
      },
      "Jersey": {
        "precision": 0.8918918918918919,
        "recall": 0.868421052631579,
        "f1": 0.88
      },
      "Red Dane": {
        "precision": 0.9583333333333334,
        "recall": 0.7419354838709677,
        "f1": 0.8363636363636363
      }
    }
  }
}